yas,gelir,abonelik_suresi,destek_talebi_sayisi,sehir,uyelik_tipi,churn
56,,5,4,Bursa,Bronz,1
46,32000.0,55,5,Izmir,Gumus,1
32,20000.0,56,2,Istanbul,Bronz,1
60,32000.0,33,3,Bursa,Gumus,1
25,48000.0,54,3,Istanbul,Gumus,1
38,48000.0,1,3,Izmir,Bronz,0
56,32000.0,18,2,Ankara,Bronz,0
36,32000.0,32,1,Istanbul,Bronz,0
40,32000.0,47,1,Izmir,Bronz,0
28,48000.0,49,1,Bursa,Bronz,0
28,32000.0,11,0,Istanbul,Gumus,0
41,48000.0,21,3,Istanbul,Bronz,0
53,85000.0,26,5,Bursa,Bronz,1
57,32000.0,25,3,Ankara,Bronz,1
41,85000.0,22,5,Bursa,Bronz,1
20,32000.0,59,3,Istanbul,Altin,0
39,32000.0,27,3,Bursa,Bronz,0
19,48000.0,49,3,Izmir,Gumus,0
41,48000.0,13,2,Bursa,Gumus,1
61,65000.0,33,1,Istanbul,Gumus,0
47,20000.0,34,1,Bursa,Altin,0
55,32000.0,41,2,Ankara,Bronz,1
19,48000.0,35,1,Bursa,,0
38,48000.0,1,6,Ankara,Bronz,1
50,,21,1,Izmir,Bronz,0
29,85000.0,48,2,Ankara,Gumus,1
39,32000.0,55,1,Bursa,Altin,0
61,32000.0,6,2,Istanbul,Gumus,0
42,65000.0,28,3,Ankara,Bronz,0
44,48000.0,17,2,Izmir,Bronz,1
59,85000.0,5,4,Ankara,Altin,1
45,32000.0,31,2,Ankara,Bronz,0
33,48000.0,5,1,Ankara,Gumus,0
32,48000.0,38,2,Izmir,Gumus,0
64,85000.0,3,0,Bursa,Bronz,1
61,20000.0,53,2,Ankara,Bronz,0
20,32000.0,23,0,Ankara,Bronz,1
54,20000.0,37,2,Istanbul,Bronz,0
24,32000.0,53,3,Izmir,Altin,1
38,32000.0,37,0,Ankara,Bronz,0
26,32000.0,10,0,Izmir,Altin,0
56,32000.0,10,2,Ankara,Bronz,0
35,65000.0,19,1,Bursa,Altin,0
21,85000.0,17,2,Bursa,Bronz,0
42,20000.0,21,1,Ankara,Bronz,1
31,20000.0,14,3,Bursa,Bronz,0
26,48000.0,9,2,Ankara,Gumus,0
43,32000.0,46,4,Bursa,Gumus,1
19,32000.0,1,2,Istanbul,Gumus,0
37,32000.0,51,2,Istanbul,Bronz,0
45,32000.0,45,1,Istanbul,Bronz,1
64,65000.0,13,2,Izmir,Gumus,0
24,20000.0,4,1,Izmir,Bronz,0
61,48000.0,1,3,Istanbul,Bronz,1
25,48000.0,49,2,Izmir,Altin,0
64,32000.0,40,1,Bursa,Altin,0
52,32000.0,32,3,Ankara,Altin,0
31,32000.0,34,2,Ankara,Gumus,0
34,48000.0,28,3,Ankara,Bronz,0
53,20000.0,31,3,Istanbul,Bronz,0
57,,8,1,Izmir,Gumus,1
21,48000.0,39,1,Bursa,Gumus,0
19,20000.0,26,3,Bursa,,0
23,20000.0,58,5,Istanbul,Bronz,1
59,32000.0,34,1,Bursa,Bronz,0
21,20000.0,54,2,Bursa,Gumus,0
46,65000.0,54,6,Bursa,Altin,1
35,,3,3,Bursa,Gumus,1
43,48000.0,59,1,Izmir,Bronz,0
61,32000.0,50,0,Bursa,Altin,0
51,48000.0,12,3,Ankara,Gumus,1
27,32000.0,1,5,Istanbul,Bronz,1
53,20000.0,54,2,Izmir,Bronz,0
31,85000.0,44,3,Bursa,Bronz,1
48,65000.0,5,4,Izmir,Bronz,1
32,65000.0,30,3,Bursa,Altin,1
25,32000.0,30,3,Ankara,Bronz,0
31,,59,1,Istanbul,Altin,0
40,32000.0,57,2,Bursa,Bronz,0
57,32000.0,17,6,Bursa,Bronz,1
38,32000.0,48,0,Bursa,Bronz,0
33,65000.0,47,3,Bursa,Bronz,0
62,32000.0,23,1,Istanbul,Bronz,0
35,85000.0,15,2,Istanbul,Altin,1
64,32000.0,37,4,Ankara,,0
41,65000.0,21,2,Istanbul,Gumus,1
43,20000.0,14,2,Bursa,Bronz,1
42,32000.0,2,1,Ankara,Bronz,0
62,48000.0,11,6,Ankara,Bronz,1
58,20000.0,51,1,Ankara,Gumus,0
46,20000.0,39,1,Bursa,Bronz,0
32,85000.0,38,1,Izmir,Bronz,0
62,48000.0,34,3,Bursa,Gumus,1
18,,38,2,Istanbul,Bronz,1
42,32000.0,50,2,Istanbul,Bronz,0
24,32000.0,34,2,Bursa,Bronz,0
26,48000.0,18,0,Bursa,Altin,0
41,32000.0,30,0,Ankara,Gumus,0
18,20000.0,15,1,Bursa,Bronz,1
61,20000.0,27,0,Ankara,Bronz,0
25,32000.0,51,4,Istanbul,Altin,0
41,48000.0,34,1,Ankara,Gumus,0
28,20000.0,52,8,Bursa,Bronz,1
34,85000.0,57,1,Istanbul,Altin,0
25,32000.0,38,1,Izmir,Bronz,0
52,20000.0,33,4,Ankara,Gumus,0
52,20000.0,24,0,Istanbul,Gumus,0
50,20000.0,15,2,Ankara,Bronz,1
22,85000.0,30,3,Istanbul,Altin,0
59,48000.0,55,3,Istanbul,Gumus,0
56,32000.0,42,2,Ankara,Gumus,0
58,48000.0,51,3,Izmir,Bronz,0
45,32000.0,17,4,Istanbul,Bronz,1
24,48000.0,5,3,Istanbul,Bronz,1
26,,29,2,Istanbul,Gumus,0
25,48000.0,4,1,Izmir,Bronz,0
29,20000.0,10,1,Izmir,Gumus,0
51,20000.0,56,0,Bursa,,0
50,32000.0,17,0,Ankara,Bronz,0
40,20000.0,10,0,Izmir,Gumus,0
41,20000.0,17,0,Ankara,Bronz,0
54,32000.0,20,2,Bursa,,1
52,85000.0,24,1,Ankara,Bronz,0
61,20000.0,5,2,Izmir,Bronz,0
57,,34,0,Ankara,Bronz,0
39,48000.0,6,2,Izmir,Bronz,0
44,65000.0,53,2,Ankara,Gumus,1
52,32000.0,2,1,Izmir,Gumus,0
18,32000.0,13,0,Izmir,Gumus,0
52,48000.0,43,1,Ankara,Bronz,1
54,,43,3,Bursa,Bronz,0
64,85000.0,48,6,Istanbul,Bronz,1
31,65000.0,11,2,Bursa,Gumus,1
20,32000.0,51,1,Ankara,Altin,0
18,,47,0,Bursa,Bronz,0
22,85000.0,57,1,Izmir,Bronz,0
43,32000.0,23,4,Istanbul,Gumus,1
31,32000.0,55,3,Ankara,Gumus,0
56,48000.0,16,4,Ankara,Gumus,1
44,48000.0,31,2,Ankara,Altin,0
26,85000.0,11,4,Istanbul,Bronz,1
32,85000.0,54,1,Izmir,Bronz,0
32,65000.0,16,1,Ankara,Altin,0
43,48000.0,8,3,Bursa,,1
59,65000.0,4,1,Ankara,Bronz,0
30,48000.0,40,1,Ankara,Gumus,0
49,48000.0,4,2,Ankara,Gumus,1
56,20000.0,56,2,Ankara,Gumus,0
49,65000.0,25,5,Izmir,Gumus,0
21,65000.0,3,4,Bursa,Bronz,1
47,48000.0,32,1,Izmir,Gumus,0
54,65000.0,3,1,Bursa,Gumus,0
40,48000.0,27,1,Ankara,Gumus,0
56,20000.0,29,1,Istanbul,,0
62,32000.0,32,4,Izmir,Gumus,0
32,20000.0,50,3,Istanbul,,0
60,32000.0,58,2,Izmir,Gumus,0
46,,51,1,Ankara,Gumus,1
53,48000.0,19,2,Izmir,Gumus,0
30,32000.0,21,1,Ankara,Gumus,0
49,48000.0,5,1,Izmir,Gumus,0
24,32000.0,18,1,Ankara,Bronz,0
39,48000.0,28,3,Ankara,Gumus,1
45,32000.0,42,2,Bursa,Bronz,1
19,32000.0,22,2,Ankara,Bronz,0
59,32000.0,21,3,Bursa,Gumus,1
62,48000.0,6,0,Ankara,Gumus,0
23,32000.0,1,5,Istanbul,Bronz,1
45,85000.0,5,1,Ankara,Bronz,0
45,,41,3,Istanbul,Gumus,1
61,32000.0,12,0,Istanbul,Bronz,0
61,85000.0,26,1,Ankara,Bronz,0
37,32000.0,46,1,Istanbul,Bronz,0
47,32000.0,34,3,Bursa,Bronz,0
28,48000.0,49,3,Izmir,,0
45,48000.0,14,2,Ankara,Bronz,1
42,48000.0,26,6,Istanbul,Bronz,1
56,20000.0,45,3,Ankara,Altin,0
50,32000.0,27,4,Bursa,Gumus,0
18,48000.0,9,1,Ankara,Gumus,0
44,65000.0,26,0,Ankara,Bronz,0
30,48000.0,57,1,Istanbul,Bronz,0
58,20000.0,47,1,Bursa,Gumus,0
20,48000.0,57,4,Izmir,Bronz,1
56,48000.0,22,1,Izmir,Bronz,1
23,20000.0,47,2,Istanbul,Gumus,0
25,32000.0,56,1,Ankara,Gumus,0
44,32000.0,30,1,Istanbul,Bronz,1
26,32000.0,43,2,Istanbul,Bronz,1
54,32000.0,48,2,Istanbul,Gumus,0
50,32000.0,17,4,Ankara,Bronz,0
59,20000.0,26,5,Bursa,Gumus,0
61,20000.0,36,0,Istanbul,Gumus,0
41,85000.0,1,1,Ankara,Altin,0
32,65000.0,8,1,Bursa,Bronz,1
49,32000.0,49,3,Istanbul,Gumus,0
49,85000.0,35,2,Izmir,Gumus,0
41,48000.0,52,2,Bursa,Bronz,0
58,32000.0,15,3,Istanbul,Bronz,0
29,32000.0,47,0,Bursa,Gumus,1
56,20000.0,56,2,Bursa,Bronz,0
19,20000.0,22,4,Bursa,Bronz,1
20,48000.0,14,5,Bursa,,1
54,48000.0,26,4,Bursa,Gumus,0
34,20000.0,28,0,Bursa,Gumus,0
19,85000.0,23,1,Istanbul,Gumus,1
19,48000.0,14,3,Izmir,,1
45,20000.0,24,2,Ankara,Bronz,0
40,85000.0,2,3,Bursa,Gumus,0
54,85000.0,45,1,Ankara,Bronz,0
49,85000.0,26,2,Istanbul,Bronz,0
50,20000.0,14,1,Bursa,Gumus,0
18,48000.0,59,1,Izmir,Altin,0
36,32000.0,56,1,Ankara,Gumus,0
19,48000.0,51,3,Bursa,Gumus,0
61,85000.0,7,5,Istanbul,Altin,0
43,48000.0,3,2,Izmir,Bronz,1
49,65000.0,47,3,Ankara,Gumus,0
23,65000.0,23,3,Ankara,Altin,0
49,65000.0,46,3,Bursa,Bronz,1
21,32000.0,43,3,Izmir,Gumus,1
28,20000.0,47,2,Izmir,Gumus,0
34,32000.0,45,0,Izmir,Gumus,1
55,65000.0,18,1,Izmir,Gumus,0
41,20000.0,58,3,Istanbul,Altin,0
22,32000.0,38,0,Izmir,Gumus,0
51,20000.0,35,2,Ankara,Bronz,1
23,48000.0,51,1,Ankara,Altin,1
39,65000.0,15,3,Istanbul,Bronz,1
28,65000.0,25,2,Ankara,Bronz,0
33,20000.0,55,2,Ankara,Bronz,0
50,85000.0,37,1,Izmir,,0
26,48000.0,28,3,Ankara,,0
23,32000.0,10,2,Istanbul,Altin,0
33,48000.0,39,3,Izmir,Gumus,0
46,32000.0,57,3,Bursa,Gumus,0
20,32000.0,17,1,Izmir,Bronz,0
37,48000.0,39,1,Istanbul,Altin,0
53,20000.0,22,2,Izmir,Altin,0
36,32000.0,26,0,Izmir,Gumus,0
43,32000.0,44,0,Istanbul,Bronz,0
20,32000.0,25,3,Izmir,Bronz,1
36,32000.0,17,1,Istanbul,Bronz,0
37,48000.0,13,3,Istanbul,Bronz,0
49,48000.0,20,2,Bursa,Bronz,1
24,48000.0,25,0,Ankara,Altin,0
58,65000.0,4,0,Ankara,,0
50,48000.0,10,1,Izmir,Bronz,0
57,48000.0,3,1,Izmir,Bronz,1
56,20000.0,41,2,Bursa,Bronz,0
35,32000.0,45,2,Bursa,Bronz,0
57,32000.0,18,3,Bursa,Bronz,0
18,20000.0,47,3,Istanbul,Bronz,1
28,32000.0,36,0,Bursa,Gumus,0
45,32000.0,47,6,Bursa,,1
42,65000.0,22,1,Izmir,Bronz,1
40,85000.0,34,4,Bursa,Bronz,0
48,48000.0,47,0,Istanbul,Gumus,0
47,32000.0,8,1,Istanbul,Bronz,0
59,,40,6,Izmir,Bronz,0
52,85000.0,49,2,Bursa,Altin,0
24,85000.0,44,2,Bursa,Bronz,0
33,32000.0,19,2,Istanbul,,0
43,48000.0,42,3,Bursa,Gumus,0
19,20000.0,41,0,Bursa,,0
18,20000.0,37,1,Bursa,Bronz,0
29,20000.0,6,3,Ankara,Gumus,0
22,32000.0,52,4,Izmir,Bronz,1
54,85000.0,26,1,Ankara,Bronz,0
49,48000.0,34,1,Izmir,Gumus,0
26,32000.0,59,3,Istanbul,Gumus,0
58,48000.0,56,4,Bursa,Bronz,0
52,85000.0,59,3,Izmir,Altin,0
36,85000.0,45,1,Ankara,Bronz,0
33,20000.0,6,1,Bursa,Gumus,0
20,32000.0,37,4,Istanbul,Gumus,0
37,20000.0,57,0,Izmir,Gumus,0
41,32000.0,33,4,Izmir,Bronz,1
50,20000.0,53,0,Izmir,Altin,1
41,48000.0,22,2,Bursa,,0
28,32000.0,21,2,Ankara,Gumus,0
25,20000.0,6,2,Ankara,Bronz,0
53,32000.0,6,3,Izmir,,0
55,32000.0,55,0,Istanbul,Bronz,0
57,32000.0,48,4,Istanbul,Altin,0
37,32000.0,4,1,Ankara,Altin,0
52,,30,3,Istanbul,Bronz,1
42,32000.0,11,3,Ankara,Bronz,1
52,32000.0,30,2,Izmir,Gumus,1
42,48000.0,31,1,Ankara,Bronz,0
46,32000.0,24,2,Ankara,Bronz,0
35,20000.0,55,1,Izmir,Gumus,0
63,20000.0,9,1,Istanbul,Gumus,0
35,85000.0,55,1,Ankara,Altin,0
19,32000.0,3,2,Ankara,Bronz,0
52,48000.0,51,1,Izmir,Bronz,0
33,85000.0,31,3,Istanbul,Gumus,0
58,20000.0,40,1,Ankara,Gumus,0
53,65000.0,37,3,Izmir,Gumus,0
50,48000.0,36,3,Ankara,Gumus,0
